CREATE TABLE `ACADEMY`(
`Academy_Code` int NOT NULL auto_increment primary key,
`Aname` varchar(16) NOT NULL,
`Subject` varchar(16) NOT NULL,
`Location` varchar(20) NOT NULL
) ENGINE=InnoDB DEFAULT CHARSET=utf8mb4;

INSERT INTO `ACADEMY`
(`Aname`,`Subject`,`Location`)
VALUES
('아주학원','수학','경기도수원시영통구');

CREATE TABLE `CLASS`(
`Class_Code` INT NOT NULL auto_increment primary key,
`Master_T` INT,
`Class_Time` varchar(16) NOT NULL
)ENGINE=InnoDB DEFAULT CHARSET=utf8mb4;

INSERT INTO `CLASS`
(`Master_T`,`Class_Time`)
VALUES
(1,'화,금');

CREATE TABLE `Class_Participation`(
`Student_Code` INT NOT NULL,
`Class_Code` INT NOT NULL
)ENGINE=InnoDB DEFAULT CHARSET=utf8mb4;

INSERT INTO `Class_Participation`
(`Student_Code`,`Class_Code`)
VALUES
(1,1),
(2,1),
(3,1),
(4,1),
(5,1),
(6,1),
(7,1),
(8,1),
(9,1),
(10,1),
(11,1),
(12,1),
(13,1),
(14,1),
(15,1),
(16,1),
(17,1),
(18,1),
(19,1),
(20,1);

CREATE TABLE `Attendance`(
`Academy_Code` INT NOT NULL,
`Student_Code` INT NOT NULL,
`ATdate` date,
`YorN` char(1)
)ENGINE=InnoDB DEFAULT CHARSET=utf8mb4;

INSERT INTO `Attendance`
(`Academy_Code`,`Student_Code`,`ATdate`,`YorN`)
VALUES
(1,1,'2022-03-04','Y'),
(1,1,'2022-03-08','Y'),
(1,2,'2022-03-04','Y'),
(1,2,'2022-03-08','Y'),
(1,3,'2022-03-04','Y'),
(1,3,'2022-03-08','Y'),
(1,4,'2022-03-04','Y'),
(1,4,'2022-03-08','Y'),
(1,5,'2022-03-04','Y'),
(1,5,'2022-03-08','Y'),
(1,6,'2022-03-04','Y'),
(1,6,'2022-03-08','N'),
(1,7,'2022-03-04',''),
(1,7,'2022-03-08','Y'),
(1,8,'2022-03-04','Y'),
(1,8,'2022-03-08','Y'),
(1,9,'2022-03-04','Y'),
(1,9,'2022-03-08','Y'),
(1,10,'2022-03-04','Y'),
(1,10,'2022-03-08','Y'),
(1,11,'2022-03-04','Y'),
(1,11,'2022-03-08','Y'),
(1,12,'2022-03-04','Y'),
(1,12,'2022-03-08','Y'),
(1,13,'2022-03-04','Y'),
(1,13,'2022-03-08','Y'),
(1,14,'2022-03-04','N'),
(1,14,'2022-03-08','N'),
(1,15,'2022-03-04','Y'),
(1,15,'2022-03-08','Y'),
(1,16,'2022-03-04','Y'),
(1,16,'2022-03-08','N'),
(1,17,'2022-03-04','N'),
(1,17,'2022-03-08','Y'),
(1,18,'2022-03-04','Y'),
(1,18,'2022-03-08','Y'),
(1,19,'2022-03-04','N'),
(1,19,'2022-03-08','Y'),
(1,20,'2022-03-04','Y'),
(1,20,'2022-03-08','N');

CREATE TABLE `Score`(
`Exam_Type` varchar(20),
`Student_Code` INT NOT NULL,
`Subject` varchar(20),
`Score` decimal(4,2)
)ENGINE=InnoDB DEFAULT CHARSET=utf8mb4;

INSERT INTO `Score`
(`Exam_Type`, `Student_Code`, `Subject`, `Score`)
VALUES
('2021-9월모의고사', 1, '국어', 88),
('2021-9월모의고사', 1, '영어', 84),
('2021-9월모의고사', 1, '수학', 88),
('2022-3월모의고사', 1, '국어', 92),
('2022-3월모의고사', 1, '영어', 88),
('2022-3월모의고사', 1, '수학', 92),
('2022-6월모의고사', 1, '국어', 88),
('2022-6월모의고사', 1, '영어', 88),
('2022-6월모의고사', 1, '수학', 92),
('2021-9월모의고사', 2, '국어', 88),
('2021-9월모의고사', 2, '영어', 80),
('2021-9월모의고사', 2, '수학', 80),
('2022-3월모의고사', 2, '국어', 92),
('2022-3월모의고사', 2, '영어', 88),
('2022-3월모의고사', 2, '수학', 84),
('2022-6월모의고사', 2, '국어', 88),
('2022-6월모의고사', 2, '영어', 88),
('2022-6월모의고사', 2, '수학', 84);

CREATE TABLE `Pay`(
`Academy_Code` INT NOT NULL,
`Student_Code` INT NOT NULL,
`Pdate` date,
`YorN` char(1)
)ENGINE=InnoDB DEFAULT CHARSET=utf8mb4;

INSERT INTO `Pay`
(`Academy_Code`,`Student_Code`,`Pdate`,`YorN`)
VALUES
(1,1,'2022-02-28','Y'),
(1,2,'2022-02-28','Y'),
(1,3,'2022-02-28','Y'),
(1,4,'2022-02-28','Y'),
(1,5,'2022-02-28','Y'),
(1,6,'2022-02-28','Y'),
(1,7,'2022-02-28','Y'),
(1,8,'2022-02-28','Y'),
(1,9,'2022-02-28','Y'),
(1,10,'2022-02-28','Y'),
(1,11,'2022-02-28','Y'),
(1,12,'2022-02-28','Y'),
(1,13,'2022-02-28','Y'),
(1,14,'2022-02-28','Y'),
(1,15,'2022-02-28','Y'),
(1,16,'2022-02-28','Y'),
(1,17,'2022-02-28','Y'),
(1,18,'2022-02-28','Y'),
(1,19,'2022-02-28','Y'),
(1,20,'2022-02-28','Y');

CREATE TABLE `Subscribe`(
`Class_Code` INT NOT NULL,
`Book_Code` INT NOT NULL
)ENGINE=InnoDB DEFAULT CHARSET=utf8mb4;

INSERT INTO `Subscribe`
(`Class_Code`, `Book_Code`)
VALUES
(1, 1);

CREATE TABLE `STUDENT`(
	`Student_code` int NOT NULL AUTO_INCREMENT primary key,
    `loginId` varchar(16) NOT NULL,
    `password` varchar(128) NOT NULL,
    `Sname` varchar(16) NOT NULL,
    `SphoneNumber` char(13) NOT NULL,
    `Saddress` varchar(20) NOT NULL
) ENGINE=InnoDB DEFAULT CHARSET=utf8mb4;

INSERT INTO `STUDENT`
(`loginId`,`password`,`Sname`,`SphoneNumber`,`Saddress`)
VALUES
('jts18','1234','정태상','010-2606-2575','아주대학교용지관'),
('lsh17','1243','이소현','01079324861','아주대학교국제학사'),
('ysh19','1324','윤성혁','01032728131','아주대학교일신관'),
('ssh19','1432','송승한','01056328128','아주대학교남제관'),
('psy20','6465','박수용','01043564152','경기도용인시'),
('sbk19','4398','서범길','01001341368','경기도일산시'),
('pkj17','5473','박경준','01032471985','경상남도부산광역시'),
('khj16','4239','김희진','01093828971','아주대학교광교관'),
('hjj17','9875','한정진','01043415343','아주대학교용지관'),
('yjh21','7346','양준혁','01056384852','아주대학교용지관'),
('shrimp20','6164','김대하','01053432618','아주대학교국제학사'),
('ksj15','3611','김성중','01058238132','아주대학교남제관'),
('pms20','9568','박민서','01048927503','아주대학교화홍관'),
('owen18','5923','박주안','01050992332','아주대학교남제관'),
('warr16','2362','김상우','01060193817','아주대학교일신관'),
('yms18','7483','양성민','01002073463','아주대학교남제관'),
('jsh16','4734','정승환','01049846982','아주대학교화홍관'),
('hhj18','5682','황혁진','01097326425','아주대학교일신관'),
('kjh11','9023','김찬호','01092145153','경상남도김해시'),
('kcy12','7458','김채영','01020349863','경기도천안');

CREATE TABLE `TEACHER`(
	`Teacher_code` int NOT NULL AUTO_INCREMENT primary key,
    `loginId` varchar(16) NOT NULL,
    `password` varchar(128) NOT NULL,
    `Tname` varchar(16) NOT NULL,
    `TphoneNumber` char(13) NOT NULL,
    `Taddress` varchar(20) NOT NULL,
    `subject` varchar(20) NOT NULL
) ENGINE=InnoDB DEFAULT CHARSET=utf8mb4;

INSERT INTO `TEACHER`
(`loginId`,`password`,`Tname`,`TphoneNumber`,`Taddress`,`subject`)
VALUES
('tschung','rytnslaWkd','정태선','01043386068','아주대학교팔달관','수학');

CREATE TABLE `PROBLEM`(
	`Book_Code` int NOT NULL,
    `Bname` varchar(20) NOT NULL,
    `Problem_Code` int NOT NULL AUTO_INCREMENT primary key,
    `Pchap` int NOT NULL,
    `Pnumber` int NOT NULL,
    `type` varchar(20)
) ENGINE=InnoDB DEFAULT CHARSET=utf8mb4;

INSERT INTO `problem`
(`Book_Code`, `Bname`, `Pchap`, `Pnumber`, `Type`)
VALUES
('1', '자이스토리1', '1', '1', '거듭제곱근'),
('1', '자이스토리1', '1', '2', '거듭제곱근'),
('1', '자이스토리1', '1', '3', '거듭제곱근'),
('1', '자이스토리1', '1', '4', '지수법칙'),
('1', '자이스토리1', '1', '5', '지수법칙'),
('1', '자이스토리1', '1', '6', '지수법칙'),
('1', '자이스토리1', '1', '7', '지수법칙'),
('1', '자이스토리1', '2', '8', '로그'),
('1', '자이스토리1', '2', '9', '로그'),
('1', '자이스토리1', '2', '10', '로그'),
('1', '자이스토리1', '2', '11', '로그'),
('1', '자이스토리1', '2', '12', '로그'),
('1', '자이스토리1', '2', '13', '로그'),
('1', '자이스토리1', '2', '14', '상용로그'),
('1', '자이스토리1', '2', '15', '상용로그'),
('1', '자이스토리1', '2', '16', '상용로그'),
('1', '자이스토리1', '3', '17', '지수함수의 그래프'),
('1', '자이스토리1', '3', '18', '지수함수의 그래프'),
('1', '자이스토리1', '3', '19', '지수함수의 그래프'),
('1', '자이스토리1', '3', '20', '지수함수를 이용한 대소 관계'),
('1', '자이스토리1', '3', '21', '지수함수의 그래프'),
('1', '자이스토리1', '3', '22', '로그함수의 그래프'),
('1', '자이스토리1', '3', '23', '로그함수'),
('1', '자이스토리1', '3', '24', '로그함수의 그래프'),
('1', '자이스토리1', '3', '25', '로그함수의 그래프'),
('1', '자이스토리1', '3', '26', '로그함수의 그래프'),
('1', '자이스토리1', '3', '27', '로그함수와 지수함수의 역함수'),
('1', '자이스토리1', '3', '28', '로그함수와 지수함수의 그래프'),
('1', '자이스토리1', '3', '29', '도형의 넓이를 이용한 미지수의 결정'),
('1', '자이스토리1', '4', '30', '지수방정식의 해'),
('1', '자이스토리1', '4', '31', '여러가지 지수방정식의 풀이'),
('1', '자이스토리1', '4', '32', '지수방정식'),
('1', '자이스토리1', '4', '33', '지수방정식'),
('1', '자이스토리1', '4', '34', '지수부등식'),
('1', '자이스토리1', '4', '35', '지수부등식'),
('1', '자이스토리1', '4', '36', '로그방정식의 해'),
('1', '자이스토리1', '4', '37', '여러가지 로그방정식의 풀이'),
('1', '자이스토리1', '4', '38', '로그방정식'),
('1', '자이스토리1', '4', '39', '로그방정식'),
('1', '자이스토리1', '4', '40', '로그부등식의 해'),
('1', '자이스토리1', '4', '41', '여러가지 로그부등식의 풀이'),
('1', '자이스토리1', '4', '42', '로그부등식'),
('1', '자이스토리1', '5', '43', '사분면과 일반각'),
('1', '자이스토리1', '5', '44', '호도법'),
('1', '자이스토리1', '5', '45', '두 동경의 위치 관계'),
('1', '자이스토리1', '5', '46', '부채꼴의 넓이'),
('1', '자이스토리1', '5', '47', '삼각함수'),
('1', '자이스토리1', '5', '48', '삼각함수'),
('1', '자이스토리1', '5', '49', '부채꼴'),
('1', '자이스토리1', '5', '50', '삼각함수'),
('1', '자이스토리1', '5', '51', '삼각함수'),
('1', '자이스토리1', '5', '52', '삼각함수 - 이차방정식의 근과 계수'),
('1', '자이스토리1', '5', '53', '삼각함수의 그래프'),
('1', '자이스토리1', '5', '54', '삼각함수의 값의 대소 관계'),
('1', '자이스토리1', '5', '55', '삼각함수의 대칭성'),
('1', '자이스토리1', '5', '56', '삼각함수의 최대 최소'),
('1', '자이스토리1', '5', '57', '삼각함수의 주기'),
('1', '자이스토리1', '5', '58', '삼각함수의 그래프의 평행이동'),
('1', '자이스토리1', '5', '59', '삼각함수의 미정계수 구하기'),
('1', '자이스토리1', '5', '60', '삼각함수의 그래프 - 절댓값'),
('1', '자이스토리1', '5', '61', '삼각함수의 성질'),
('1', '자이스토리1', '5', '62', '삼각함수의 성질의 활용'),
('1', '자이스토리1', '5', '63', '삼각방정식'),
('1', '자이스토리1', '5', '64', '삼각부등식'),
('1', '자이스토리1', '5', '65', '삼각방정식과 삼각부등식의 활용'),
('1', '자이스토리1', '6', '66', '사인법칙'),
('1', '자이스토리1', '6', '67', '사인법칙과 삼각형의 외접원'),
('1', '자이스토리1', '6', '68', '사인법칙'),
('1', '자이스토리1', '6', '69', '코사인법칙'),
('1', '자이스토리1', '6', '70', '사인법칙과 코사인법칙'),
('1', '자이스토리1', '6', '71', '코사인법칙'),
('1', '자이스토리1', '6', '72', '코사인법칙'),
('1', '자이스토리1', '6', '73', '코사인법칙'),
('1', '자이스토리1', '6', '74', '삼각형의 결정'),
('1', '자이스토리1', '6', '75', '삼각형의 넓이'),
('1', '자이스토리1', '6', '76', '삼각형의 넓이'),
('1', '자이스토리1', '6', '77', '사각형의 넓이'),
('1', '자이스토리1', '6', '78', '사각형의 넓이'),
('1', '자이스토리1', '7', '79', '등차수열의 특정항 구하기'),
('1', '자이스토리1', '7', '80', '등차중항'),
('1', '자이스토리1', '7', '81', '등차수열의 변형'),
('1', '자이스토리1', '7', '82', '등비수열의 특정항 구하기'),
('1', '자이스토리1', '7', '83', '등비중항'),
('1', '자이스토리1', '7', '84', '등비수열의 합'),
('1', '자이스토리1', '7', '85', '등차수열의 합'),
('1', '자이스토리1', '7', '86', '수열의 합과 일반항 사이의 관계'),
('1', '자이스토리1', '7', '87', '수열의 규칙 찾기'),
('1', '자이스토리1', '8', '88', '합의 기호'),
('1', '자이스토리1', '8', '89', '합의 기호 시그마의 성질'),
('1', '자이스토리1', '8', '90', '자연수의 거듭제곱의 합'),
('1', '자이스토리1', '8', '91', '자연수의 거듭제곱의 합'),
('1', '자이스토리1', '8', '92', '시그마와 등차수열의 합'),
('1', '자이스토리1', '8', '93', '시그마와 등비수열의 합'),
('1', '자이스토리1', '8', '94', '시그마의 활용'),
('1', '자이스토리1', '9', '95', '수열의 귀납적 정의'),
('1', '자이스토리1', '9', '96', '수열의 귀납적 정의'),
('1', '자이스토리1', '9', '97', '수열의 귀납적 정의'),
('1', '자이스토리1', '9', '98', '수학적 귀납법'),
('1', '자이스토리1', '9', '99', '수학적 귀납법'),
('1', '자이스토리1', '9', '100', '수열의 귀납적 정의'),
('2', '자이스토리2', '1', '101', '함수의 좌극한과 우극한'),
('2', '자이스토리2', '1', '102', '함수의 극한값의 존재'),
('2', '자이스토리2', '1', '103', '간단한 함수의 극한값'),
('2', '자이스토리2', '1', '104', '[x] 꼴을 포함한 함수의 극한'),
('2', '자이스토리2', '1', '105', '함수의 극한에 대한 성질'),
('2', '자이스토리2', '1', '106', '0/0꼴의 극한'),
('2', '자이스토리2', '1', '107', '0/0꼴의 극한'),
('2', '자이스토리2', '1', '108', '인수분해를 이용한 미정계수의 결정'),
('2', '자이스토리2', '1', '109', '유리화를 이용한 미정계수의 결정'),
('2', '자이스토리2', '1', '110', '분수식의 극한값이 존재할 조건'),
('2', '자이스토리2', '1', '111', '새롭게 정의된 함수의 극한'),
('2', '자이스토리2', '1', '112', '합성함수의 극한'),
('2', '자이스토리2', '1', '113', '함수의 극한을 이용한 다항함수의 결정'),
('2', '자이스토리2', '1', '114', '함수의 극한의 대소 관계'),
('2', '자이스토리2', '1', '115', '도형의 길이에 대한 극한'),
('2', '자이스토리2', '1', '116', '도형의 넓이에 대한 극한'),
('2', '자이스토리2', '1', '117', '좌표평면에서의 여러 가지 극한'),
('2', '자이스토리2', '2', '118', '함수의 연속을 이용한 미정계수의 결정'),
('2', '자이스토리2', '2', '119', '연속함수의 성질'),
('2', '자이스토리2', '2', '120', '[x] 꼴을 포함한 함수의 연속'),
('2', '자이스토리2', '2', '121', '(x-a)f(x) 꼴의 함수의 연속'),
('2', '자이스토리2', '2', '122', '함수의 연속의 진위 판정'),
('2', '자이스토리2', '2', '123', '그래프와 함수의 연속'),
('2', '자이스토리2', '2', '124', '함수의 주기성과 연속'),
('2', '자이스토리2', '2', '125', '합성함수의 연속'),
('2', '자이스토리2', '2', '126', '그래프와 합성함수의 연속'),
('2', '자이스토리2', '2', '127', '최대, 최소 정리'),
('2', '자이스토리2', '2', '128', '사잇값의 정리'),
('2', '자이스토리2', '2', '129', '새롭게 정의된 함수의 연속'),
('2', '자이스토리2', '2', '130', '함수의 연속'),
('2', '자이스토리2', '3', '131', '도함수를 이용한 미분계수'),
('2', '자이스토리2', '3', '132', '평균변화율과 미분계수'),
('2', '자이스토리2', '3', '133', 'x-a일때의 미분계수의 정의'),
('2', '자이스토리2', '3', '134', 'h-0일때의 미분계수의 정의'),
('2', '자이스토리2', '3', '135', 'x-a일때의 변형된 미분계수의 정의'),
('2', '자이스토리2', '3', '136', 'h-0일때의 변형된 미분계수의 정의'),
('2', '자이스토리2', '3', '137', '관계식의 미분계수, 도함수 구하기'),
('2', '자이스토리2', '3', '138', '미분계수를 이용한 극한값 구하기'),
('2', '자이스토리2', '3', '139', '치환을 이용한 극한값 구하기'),
('2', '자이스토리2', '3', '140', '함수의 연속성과 미분가능성'),
('2', '자이스토리2', '3', '141', '미분가능한 함수의 활용'),
('2', '자이스토리2', '3', '142', '미분가능한 함수의 미정계수의 결정'),
('2', '자이스토리2', '3', '143', '미분의 항등식에의 활용'),
('2', '자이스토리2', '3', '144', '다항식의 나눗셈에서 미분의 활용'),
('2', '자이스토리2', '3', '145', '미분을 이용한 함수의 결정'),
('2', '자이스토리2', '4', '146', '접선의 기울기'),
('2', '자이스토리2', '4', '147', '곡선 밖의 점에서 그은 접선의 방정식'),
('2', '자이스토리2', '4', '148', '기울기가 주어진 접선의 방정식'),
('2', '자이스토리2', '4', '149', '접선과 평행한 직선의 방정식'),
('2', '자이스토리2', '4', '150', '공통인 접선'),
('2', '자이스토리2', '4', '151', '곡선과 원의 접선'),
('2', '자이스토리2', '4', '152', '롤의 정리'),
('2', '자이스토리2', '4', '153', '평균값 정리'),
('2', '자이스토리2', '4', '154', '함수의 극값 구하기'),
('2', '자이스토리2', '4', '155', '도함수 그래프의 해석'),
('2', '자이스토리2', '4', '156', '함수의 극대, 극소의 활용'),
('2', '자이스토리2', '5', '157', '함수의 최대, 최소'),
('2', '자이스토리2', '5', '158', '최대, 최소의 활용'),
('2', '자이스토리2', '5', '159', '삼차방정식의 실근의 개수'),
('2', '자이스토리2', '5', '160', '사차방정식의 실근의 개수'),
('2', '자이스토리2', '5', '161', '두 곡선의 교점의 개수'),
('2', '자이스토리2', '5', '162', '미분가능한 함수의 유추'),
('2', '자이스토리2', '5', '163', '속도 그래프에 대한 해석'),
('2', '자이스토리2', '5', '164', '위치 그래프에 대한 해석'),
('2', '자이스토리2', '5', '165', '길이, 넓이, 부피의 변화율'),
('2', '자이스토리2', '6', '166', '부정적분의 계산'),
('2', '자이스토리2', '6', '167', '도함수가 주어졌을 때 함수 구하기'),
('2', '자이스토리2', '6', '168', '접선의 기울기를 이용한 함수 구하기'),
('2', '자이스토리2', '6', '169', '부정적분과 미분의 관계'),
('2', '자이스토리2', '6', '170', '부정적분과 도함수로 함수 구하기'),
('2', '자이스토리2', '6', '171', '정적분의 정의를 이용한 정적분의 값'),
('2', '자이스토리2', '6', '172', '적분구간이 같은 정적분'),
('2', '자이스토리2', '6', '173', '피적분함수가 같은 정적분'),
('2', '자이스토리2', '6', '174', '구간에 따라 다른 함수의 정적분'),
('2', '자이스토리2', '6', '175', '절댓값 기호를 포함한 함수의 정적분'),
('2', '자이스토리2', '6', '176', '적분과 미분의 관계'),
('2', '자이스토리2', '6', '177', '주기함수의 정적분'),
('2', '자이스토리2', '6', '178', '대칭인 함수의 정적분'),
('2', '자이스토리2', '6', '179', '정적분의 값을 이용한 다항함수의 추론'),
('2', '자이스토리2', '6', '180', '정적분으로 정의된 함수'),
('2', '자이스토리2', '6', '181', '정적분으로 정의된 함수'),
('2', '자이스토리2', '6', '182', '정적분으로 정의된 함수'),
('2', '자이스토리2', '7', '183', '곡선과 x축으로 둘러싸인 넓이'),
('2', '자이스토리2', '7', '184', '곡선과 x축으로 둘러싸인 넓이'),
('2', '자이스토리2', '7', '185', '곡선과 직선으로 둘러싸인 넓이'),
('2', '자이스토리2', '7', '186', '두 곡선으로 둘러싸인 넓이'),
('2', '자이스토리2', '7', '187', '곡선과 접선으로 둘러싸인 넓이'),
('2', '자이스토리2', '7', '188', '두 도형의 넓이가 같은 경우'),
('2', '자이스토리2', '7', '189', '도형을 두 부분으로 나누는 경우'),
('2', '자이스토리2', '7', '190', '도형을 세 부분으로 나누는 경우'),
('2', '자이스토리2', '7', '191', '넓이와 수열'),
('2', '자이스토리2', '7', '192', '역함수의 정적분'),
('2', '자이스토리2', '7', '193', '함수와 역함수 그래프로 둘러싸인 넓이'),
('2', '자이스토리2', '7', '194', '넓이를 이용한 정적분의 활용'),
('2', '자이스토리2', '7', '195', '점의 위치'),
('2', '자이스토리2', '7', '196', '점이 움직인 거리'),
('2', '자이스토리2', '7', '197', '그래프를 이용한 점의 위치와 거리'),
('2', '자이스토리2', '7', '198', '정적분의 활용'),
('2', '자이스토리2', '7', '199', '정적분의 활용'),
('2', '자이스토리2', '7', '200', '정적분의 활용');

CREATE TABLE `Problem_Of_Student`(
	`Problem_code` int NOT NULL,
    `Student_code` int NOT NULL,
    `YorNorX` char(1) NOT NULL,
    `subject` varchar(20) NOT NULL,
    `type` varchar(20) NOT NULL
) ENGINE=InnoDB DEFAULT CHARSET=utf8mb4;

INSERT INTO `problem_of_student`
(`subject`, `Student_code`, `YorNorX`, `problem_code`, `type`)
VALUES
('수학', '1', 'Y', '1', '거듭제곱근'),
('수학', '1', 'Y', '2', '거듭제곱근'),
('수학', '1', 'Y', '3', '거듭제곱근'),
('수학', '1', 'Y', '4', '지수법칙'),
('수학', '1', 'N', '5', '지수법칙'),
('수학', '1', 'Y', '6', '지수법칙'),
('수학', '1', 'Y', '7', '지수법칙'),
('수학', '1', 'N', '8', '로그'),
('수학', '1', 'N', '9', '로그'),
('수학', '1', 'N', '10', '로그'),
('수학', '1', 'Y', '11', '로그'),
('수학', '1', 'Y', '12', '로그'),
('수학', '1', 'Y', '13', '로그'),
('수학', '1', 'Y', '14', '상용로그'),
('수학', '1', 'Y', '15', '상용로그'),
('수학', '1', 'Y', '16', '상용로그'),
('수학', '1', 'Y', '17', '지수함수의 그래프'),
('수학', '1', 'Y', '18', '지수함수의 그래프'),
('수학', '1', 'Y', '19', '지수함수의 그래프'),
('수학', '1', 'Y', '20', '지수함수를 이용한 대소 관계'),
('수학', '1', 'Y', '21', '지수함수의 그래프'),
('수학', '1', 'N', '22', '로그함수의 그래프'),
('수학', '1', 'Y', '23', '로그함수'),
('수학', '1', 'N', '24', '로그함수의 그래프'),
('수학', '1', 'N', '25', '로그함수의 그래프'),
('수학', '1', 'N', '26', '로그함수의 그래프'),
('수학', '1', 'Y', '27', '로그함수와 지수함수의 역함수'),
('수학', '1', 'Y', '28', '로그함수와 지수함수의 그래프'),
('수학', '1', 'Y', '29', '도형의 넓이를 이용한 미지수의 결정'),
('수학', '1', 'Y', '30', '지수방정식의 해'),
('수학', '1', 'Y', '31', '여러가지 지수방정식의 풀이'),
('수학', '1', 'Y', '32', '지수방정식'),
('수학', '1', 'Y', '33', '지수방정식'),
('수학', '1', 'Y', '34', '지수부등식'),
('수학', '1', 'Y', '35', '지수부등식'),
('수학', '1', 'Y', '36', '로그방정식의 해'),
('수학', '1', 'Y', '37', '여러가지 로그방정식의 풀이'),
('수학', '1', 'Y', '38', '로그방정식'),
('수학', '1', 'Y', '39', '로그방정식'),
('수학', '1', 'Y', '40', '로그부등식의 해'),
('수학', '1', 'Y', '41', '여러가지 로그부등식의 풀이'),
('수학', '1', 'Y', '42', '로그부등식'),
('수학', '1', 'Y', '43', '사분면과 일반각'),
('수학', '1', 'Y', '44', '호도법'),
('수학', '1', 'Y', '45', '두 동경의 위치 관계'),
('수학', '1', 'Y', '46', '부채꼴의 넓이'),
('수학', '1', 'N', '47', '삼각함수'),
('수학', '1', 'N', '48', '삼각함수'),
('수학', '1', 'Y', '49', '부채꼴'),
('수학', '1', 'N', '50', '삼각함수'),
('수학', '1', 'Y', '51', '삼각함수'),
('수학', '1', 'Y', '52', '삼각함수 - 이차방정식의 근과 계수'),
('수학', '1', 'Y', '53', '삼각함수의 그래프'),
('수학', '1', 'Y', '54', '삼각함수의 값의 대소 관계'),
('수학', '1', 'Y', '55', '삼각함수의 대칭성'),
('수학', '1', 'Y', '56', '삼각함수의 최대 최소'),
('수학', '1', 'Y', '57', '삼각함수의 주기'),
('수학', '1', 'Y', '58', '삼각함수의 그래프의 평행이동'),
('수학', '1', 'Y', '59', '삼각함수의 미정계수 구하기'),
('수학', '1', 'Y', '60', '삼각함수의 그래프 - 절댓값'),
('수학', '1', 'Y', '61', '삼각함수의 성질'),
('수학', '1', 'Y', '62', '삼각함수의 성질의 활용'),
('수학', '1', 'Y', '63', '삼각방정식'),
('수학', '1', 'Y', '64', '삼각부등식'),
('수학', '1', 'Y', '65', '삼각방정식과 삼각부등식의 활용'),
('수학', '1', 'Y', '66', '사인법칙'),
('수학', '1', 'Y', '67', '사인법칙과 삼각형의 외접원'),
('수학', '1', 'Y', '68', '사인법칙'),
('수학', '1', 'Y', '69', '코사인법칙'),
('수학', '1', 'Y', '70', '사인법칙과 코사인법칙'),
('수학', '1', 'Y', '71', '코사인법칙'),
('수학', '1', 'Y', '72', '코사인법칙'),
('수학', '1', 'Y', '73', '코사인법칙'),
('수학', '1', 'Y', '74', '삼각형의 결정'),
('수학', '1', 'Y', '75', '삼각형의 넓이'),
('수학', '1', 'Y', '76', '삼각형의 넓이'),
('수학', '1', 'Y', '77', '사각형의 넓이'),
('수학', '1', 'Y', '78', '사각형의 넓이'),
('수학', '1', 'Y', '79', '등차수열의 특정항 구하기'),
('수학', '1', 'Y', '80', '등차중항'),
('수학', '1', 'Y', '81', '등차수열의 변형'),
('수학', '1', 'Y', '82', '등비수열의 특정항 구하기'),
('수학', '1', 'Y', '83', '등비중항'),
('수학', '1', 'Y', '84', '등비수열의 합'),
('수학', '1', 'Y', '85', '등차수열의 합'),
('수학', '1', 'Y', '86', '수열의 합과 일반항 사이의 관계'),
('수학', '1', 'Y', '87', '수열의 규칙 찾기'),
('수학', '1', 'Y', '88', '합의 기호'),
('수학', '1', 'Y', '89', '합의 기호 시그마의 성질'),
('수학', '1', 'Y', '90', '자연수의 거듭제곱의 합'),
('수학', '1', 'Y', '91', '자연수의 거듭제곱의 합'),
('수학', '1', 'Y', '92', '시그마와 등차수열의 합'),
('수학', '1', 'Y', '93', '시그마와 등비수열의 합'),
('수학', '1', 'Y', '94', '시그마의 활용'),
('수학', '1', 'Y', '95', '수열의 귀납적 정의'),
('수학', '1', 'Y', '96', '수열의 귀납적 정의'),
('수학', '1', 'Y', '97', '수열의 귀납적 정의'),
('수학', '1', 'Y', '98', '수학적 귀납법'),
('수학', '1', 'Y', '99', '수학적 귀납법'),
('수학', '1', 'Y', '100', '수열의 귀납적 정의'),
('수학', '1', 'Y', '101', '함수의 좌극한과 우극한'),
('수학', '1', 'Y', '102', '함수의 극한값의 존재'),
('수학', '1', 'Y', '103', '간단한 함수의 극한값'),
('수학', '1', 'Y', '104', '[x] 꼴을 포함한 함수의 극한'),
('수학', '1', 'Y', '105', '함수의 극한에 대한 성질'),
('수학', '1', 'Y', '106', '0/0꼴의 극한'),
('수학', '1', 'Y', '107', '0/0꼴의 극한'),
('수학', '1', 'Y', '108', '인수분해를 이용한 미정계수의 결정'),
('수학', '1', 'Y', '109', '유리화를 이용한 미정계수의 결정'),
('수학', '1', 'Y', '110', '분수식의 극한값이 존재할 조건'),
('수학', '1', 'Y', '111', '새롭게 정의된 함수의 극한'),
('수학', '1', 'Y', '112', '합성함수의 극한'),
('수학', '1', 'N', '113', '함수의 극한을 이용한 다항함수의 결정'),
('수학', '1', 'Y', '114', '함수의 극한의 대소 관계'),
('수학', '1', 'Y', '115', '도형의 길이에 대한 극한'),
('수학', '1', 'Y', '116', '도형의 넓이에 대한 극한'),
('수학', '1', 'Y', '117', '좌표평면에서의 여러 가지 극한'),
('수학', '1', 'Y', '118', '함수의 연속을 이용한 미정계수의 결정'),
('수학', '1', 'Y', '119', '연속함수의 성질'),
('수학', '1', 'Y', '120', '[x] 꼴을 포함한 함수의 연속'),
('수학', '1', 'Y', '121', '(x-a)f(x) 꼴의 함수의 연속'),
('수학', '1', 'Y', '122', '함수의 연속의 진위 판정'),
('수학', '1', 'Y', '123', '그래프와 함수의 연속'),
('수학', '1', 'Y', '124', '함수의 주기성과 연속'),
('수학', '1', 'Y', '125', '합성함수의 연속'),
('수학', '1', 'Y', '126', '그래프와 합성함수의 연속'),
('수학', '1', 'Y', '127', '최대, 최소 정리'),
('수학', '1', 'Y', '128', '사잇값의 정리'),
('수학', '1', 'Y', '129', '새롭게 정의된 함수의 연속'),
('수학', '1', 'Y', '130', '함수의 연속'),
('수학', '1', 'Y', '131', '도함수를 이용한 미분계수'),
('수학', '1', 'Y', '132', '평균변화율과 미분계수'),
('수학', '1', 'Y', '133', 'x-a일때의 미분계수의 정의'),
('수학', '1', 'Y', '134', 'h-0일때의 미분계수의 정의'),
('수학', '1', 'Y', '135', 'x-a일때의 변형된 미분계수의 정의'),
('수학', '1', 'Y', '136', 'h-0일때의 변형된 미분계수의 정의'),
('수학', '1', 'Y', '137', '관계식의 미분계수, 도함수 구하기'),
('수학', '1', 'Y', '138', '미분계수를 이용한 극한값 구하기'),
('수학', '1', 'Y', '139', '치환을 이용한 극한값 구하기'),
('수학', '1', 'Y', '140', '함수의 연속성과 미분가능성'),
('수학', '1', 'Y', '141', '미분가능한 함수의 활용'),
('수학', '1', 'Y', '142', '미분가능한 함수의 미정계수의 결정'),
('수학', '1', 'Y', '143', '미분의 항등식에의 활용'),
('수학', '1', 'Y', '144', '다항식의 나눗셈에서 미분의 활용'),
('수학', '1', 'Y', '145', '미분을 이용한 함수의 결정'),
('수학', '1', 'Y', '146', '접선의 기울기'),
('수학', '1', 'Y', '147', '곡선 밖의 점에서 그은 접선의 방정식'),
('수학', '1', 'Y', '148', '기울기가 주어진 접선의 방정식'),
('수학', '1', 'Y', '149', '접선과 평행한 직선의 방정식'),
('수학', '1', 'Y', '150', '공통인 접선'),
('수학', '1', 'Y', '151', '곡선과 원의 접선'),
('수학', '1', 'Y', '152', '롤의 정리'),
('수학', '1', 'Y', '153', '평균값 정리'),
('수학', '1', 'Y', '154', '함수의 극값 구하기'),
('수학', '1', 'Y', '155', '도함수 그래프의 해석'),
('수학', '1', 'Y', '156', '함수의 극대, 극소의 활용'),
('수학', '1', 'Y', '157', '함수의 최대, 최소'),
('수학', '1', 'Y', '158', '최대, 최소의 활용'),
('수학', '1', 'Y', '159', '삼차방정식의 실근의 개수'),
('수학', '1', 'Y', '160', '사차방정식의 실근의 개수'),
('수학', '1', 'Y', '161', '두 곡선의 교점의 개수'),
('수학', '1', 'Y', '162', '미분가능한 함수의 유추'),
('수학', '1', 'Y', '163', '속도 그래프에 대한 해석'),
('수학', '1', 'Y', '164', '위치 그래프에 대한 해석'),
('수학', '1', 'Y', '165', '길이, 넓이, 부피의 변화율'),
('수학', '1', 'Y', '166', '부정적분의 계산'),
('수학', '1', 'Y', '167', '도함수가 주어졌을 때 함수 구하기'),
('수학', '1', 'Y', '168', '접선의 기울기를 이용한 함수 구하기'),
('수학', '1', 'Y', '169', '부정적분과 미분의 관계'),
('수학', '1', 'Y', '170', '부정적분과 도함수로 함수 구하기'),
('수학', '1', 'Y', '171', '정적분의 정의를 이용한 정적분의 값'),
('수학', '1', 'Y', '172', '적분구간이 같은 정적분'),
('수학', '1', 'Y', '173', '피적분함수가 같은 정적분'),
('수학', '1', 'Y', '174', '구간에 따라 다른 함수의 정적분'),
('수학', '1', 'Y', '175', '절댓값 기호를 포함한 함수의 정적분'),
('수학', '1', 'Y', '176', '적분과 미분의 관계'),
('수학', '1', 'Y', '177', '주기함수의 정적분'),
('수학', '1', 'Y', '178', '대칭인 함수의 정적분'),
('수학', '1', 'Y', '179', '정적분의 값을 이용한 다항함수의 추론'),
('수학', '1', 'Y', '180', '정적분으로 정의된 함수'),
('수학', '1', 'Y', '181', '정적분으로 정의된 함수'),
('수학', '1', 'Y', '182', '정적분으로 정의된 함수'),
('수학', '1', 'N', '183', '곡선과 x축으로 둘러싸인 넓이'),
('수학', '1', 'N', '184', '곡선과 x축으로 둘러싸인 넓이'),
('수학', '1', 'Y', '185', '곡선과 직선으로 둘러싸인 넓이'),
('수학', '1', 'Y', '186', '두 곡선으로 둘러싸인 넓이'),
('수학', '1', 'Y', '187', '곡선과 접선으로 둘러싸인 넓이'),
('수학', '1', 'Y', '188', '두 도형의 넓이가 같은 경우'),
('수학', '1', 'Y', '189', '도형을 두 부분으로 나누는 경우'),
('수학', '1', 'Y', '190', '도형을 세 부분으로 나누는 경우'),
('수학', '1', 'Y', '191', '넓이와 수열'),
('수학', '1', 'Y', '192', '역함수의 정적분'),
('수학', '1', 'Y', '193', '함수와 역함수 그래프로 둘러싸인 넓이'),
('수학', '1', 'Y', '194', '넓이를 이용한 정적분의 활용'),
('수학', '1', 'Y', '195', '점의 위치'),
('수학', '1', 'Y', '196', '점이 움직인 거리'),
('수학', '1', 'Y', '197', '그래프를 이용한 점의 위치와 거리'),
('수학', '1', 'N', '198', '정적분의 활용'),
('수학', '1', 'N', '199', '정적분의 활용'),
('수학', '1', 'N', '200', '정적분의 활용'),

('수학', '2', 'Y', '1', '거듭제곱근'),
('수학', '2', 'Y', '2', '거듭제곱근'),
('수학', '2', 'Y', '3', '거듭제곱근'),
('수학', '2', 'Y', '4', '지수법칙'),
('수학', '2', 'Y', '5', '지수법칙'),
('수학', '2', 'Y', '6', '지수법칙'),
('수학', '2', 'Y', '7', '지수법칙'),
('수학', '2', 'Y', '8', '로그'),
('수학', '2', 'Y', '9', '로그'),
('수학', '2', 'Y', '10', '로그'),
('수학', '2', 'Y', '11', '로그'),
('수학', '2', 'Y', '12', '로그'),
('수학', '2', 'Y', '13', '로그'),
('수학', '2', 'N', '14', '상용로그'),
('수학', '2', 'N', '15', '상용로그'),
('수학', '2', 'Y', '16', '상용로그'),
('수학', '2', 'Y', '17', '지수함수의 그래프'),
('수학', '2', 'Y', '18', '지수함수의 그래프'),
('수학', '2', 'Y', '19', '지수함수의 그래프'),
('수학', '2', 'Y', '20', '지수함수를 이용한 대소 관계'),
('수학', '2', 'Y', '21', '지수함수의 그래프'),
('수학', '2', 'Y', '22', '로그함수의 그래프'),
('수학', '2', 'Y', '23', '로그함수'),
('수학', '2', 'Y', '24', '로그함수의 그래프'),
('수학', '2', 'Y', '25', '로그함수의 그래프'),
('수학', '2', 'Y', '26', '로그함수의 그래프'),
('수학', '2', 'Y', '27', '로그함수와 지수함수의 역함수'),
('수학', '2', 'Y', '28', '로그함수와 지수함수의 그래프'),
('수학', '2', 'Y', '29', '도형의 넓이를 이용한 미지수의 결정'),
('수학', '2', 'Y', '30', '지수방정식의 해'),
('수학', '2', 'Y', '31', '여러가지 지수방정식의 풀이'),
('수학', '2', 'Y', '32', '지수방정식'),
('수학', '2', 'Y', '33', '지수방정식'),
('수학', '2', 'Y', '34', '지수부등식'),
('수학', '2', 'Y', '35', '지수부등식'),
('수학', '2', 'Y', '36', '로그방정식의 해'),
('수학', '2', 'Y', '37', '여러가지 로그방정식의 풀이'),
('수학', '2', 'Y', '38', '로그방정식'),
('수학', '2', 'Y', '39', '로그방정식'),
('수학', '2', 'Y', '40', '로그부등식의 해'),
('수학', '2', 'Y', '41', '여러가지 로그부등식의 풀이'),
('수학', '2', 'Y', '42', '로그부등식'),
('수학', '2', 'Y', '43', '사분면과 일반각'),
('수학', '2', 'Y', '44', '호도법'),
('수학', '2', 'Y', '45', '두 동경의 위치 관계'),
('수학', '2', 'Y', '46', '부채꼴의 넓이'),
('수학', '2', 'N', '47', '삼각함수'),
('수학', '2', 'N', '48', '삼각함수'),
('수학', '2', 'Y', '49', '부채꼴'),
('수학', '2', 'N', '50', '삼각함수'),
('수학', '2', 'N', '51', '삼각함수'),
('수학', '2', 'Y', '52', '삼각함수 - 이차방정식의 근과 계수'),
('수학', '2', 'Y', '53', '삼각함수의 그래프'),
('수학', '2', 'Y', '54', '삼각함수의 값의 대소 관계'),
('수학', '2', 'Y', '55', '삼각함수의 대칭성'),
('수학', '2', 'Y', '56', '삼각함수의 최대 최소'),
('수학', '2', 'Y', '57', '삼각함수의 주기'),
('수학', '2', 'Y', '58', '삼각함수의 그래프의 평행이동'),
('수학', '2', 'Y', '59', '삼각함수의 미정계수 구하기'),
('수학', '2', 'Y', '60', '삼각함수의 그래프 - 절댓값'),
('수학', '2', 'Y', '61', '삼각함수의 성질'),
('수학', '2', 'Y', '62', '삼각함수의 성질의 활용'),
('수학', '2', 'N', '63', '삼각방정식'),
('수학', '2', 'Y', '64', '삼각부등식'),
('수학', '2', 'Y', '65', '삼각방정식과 삼각부등식의 활용'),
('수학', '2', 'Y', '66', '사인법칙'),
('수학', '2', 'Y', '67', '사인법칙과 삼각형의 외접원'),
('수학', '2', 'Y', '68', '사인법칙'),
('수학', '2', 'N', '69', '코사인법칙'),
('수학', '2', 'Y', '70', '사인법칙과 코사인법칙'),
('수학', '2', 'N', '71', '코사인법칙'),
('수학', '2', 'Y', '72', '코사인법칙'),
('수학', '2', 'Y', '73', '코사인법칙'),
('수학', '2', 'Y', '74', '삼각형의 결정'),
('수학', '2', 'Y', '75', '삼각형의 넓이'),
('수학', '2', 'Y', '76', '삼각형의 넓이'),
('수학', '2', 'Y', '77', '사각형의 넓이'),
('수학', '2', 'Y', '78', '사각형의 넓이'),
('수학', '2', 'Y', '79', '등차수열의 특정항 구하기'),
('수학', '2', 'Y', '80', '등차중항'),
('수학', '2', 'Y', '81', '등차수열의 변형'),
('수학', '2', 'Y', '82', '등비수열의 특정항 구하기'),
('수학', '2', 'Y', '83', '등비중항'),
('수학', '2', 'Y', '84', '등비수열의 합'),
('수학', '2', 'Y', '85', '등차수열의 합'),
('수학', '2', 'Y', '86', '수열의 합과 일반항 사이의 관계'),
('수학', '2', 'Y', '87', '수열의 규칙 찾기'),
('수학', '2', 'Y', '88', '합의 기호'),
('수학', '2', 'Y', '89', '합의 기호 시그마의 성질'),
('수학', '2', 'Y', '90', '자연수의 거듭제곱의 합'),
('수학', '2', 'Y', '91', '자연수의 거듭제곱의 합'),
('수학', '2', 'Y', '92', '시그마와 등차수열의 합'),
('수학', '2', 'Y', '93', '시그마와 등비수열의 합'),
('수학', '2', 'Y', '94', '시그마의 활용'),
('수학', '2', 'N', '95', '수열의 귀납적 정의'),
('수학', '2', 'N', '96', '수열의 귀납적 정의'),
('수학', '2', 'N', '97', '수열의 귀납적 정의'),
('수학', '2', 'Y', '98', '수학적 귀납법'),
('수학', '2', 'Y', '99', '수학적 귀납법'),
('수학', '2', 'Y', '100', '수열의 귀납적 정의'),
('수학', '2', 'Y', '101', '함수의 좌극한과 우극한'),
('수학', '2', 'Y', '102', '함수의 극한값의 존재'),
('수학', '2', 'Y', '103', '간단한 함수의 극한값'),
('수학', '2', 'Y', '104', '[x] 꼴을 포함한 함수의 극한'),
('수학', '2', 'Y', '105', '함수의 극한에 대한 성질'),
('수학', '2', 'N', '106', '0/0꼴의 극한'),
('수학', '2', 'N', '107', '0/0꼴의 극한'),
('수학', '2', 'Y', '108', '인수분해를 이용한 미정계수의 결정'),
('수학', '2', 'Y', '109', '유리화를 이용한 미정계수의 결정'),
('수학', '2', 'Y', '110', '분수식의 극한값이 존재할 조건'),
('수학', '2', 'Y', '111', '새롭게 정의된 함수의 극한'),
('수학', '2', 'Y', '112', '합성함수의 극한'),
('수학', '2', 'Y', '113', '함수의 극한을 이용한 다항함수의 결정'),
('수학', '2', 'Y', '114', '함수의 극한의 대소 관계'),
('수학', '2', 'N', '115', '도형의 길이에 대한 극한'),
('수학', '2', 'N', '116', '도형의 넓이에 대한 극한'),
('수학', '2', 'Y', '117', '좌표평면에서의 여러 가지 극한'),
('수학', '2', 'Y', '118', '함수의 연속을 이용한 미정계수의 결정'),
('수학', '2', 'Y', '119', '연속함수의 성질'),
('수학', '2', 'Y', '120', '[x] 꼴을 포함한 함수의 연속'),
('수학', '2', 'Y', '121', '(x-a)f(x) 꼴의 함수의 연속'),
('수학', '2', 'Y', '122', '함수의 연속의 진위 판정'),
('수학', '2', 'Y', '123', '그래프와 함수의 연속'),
('수학', '2', 'Y', '124', '함수의 주기성과 연속'),
('수학', '2', 'Y', '125', '합성함수의 연속'),
('수학', '2', 'Y', '126', '그래프와 합성함수의 연속'),
('수학', '2', 'Y', '127', '최대, 최소 정리'),
('수학', '2', 'Y', '128', '사잇값의 정리'),
('수학', '2', 'Y', '129', '새롭게 정의된 함수의 연속'),
('수학', '2', 'Y', '130', '함수의 연속'),
('수학', '2', 'Y', '131', '도함수를 이용한 미분계수'),
('수학', '2', 'Y', '132', '평균변화율과 미분계수'),
('수학', '2', 'Y', '133', 'x-a일때의 미분계수의 정의'),
('수학', '2', 'Y', '134', 'h-0일때의 미분계수의 정의'),
('수학', '2', 'Y', '135', 'x-a일때의 변형된 미분계수의 정의'),
('수학', '2', 'Y', '136', 'h-0일때의 변형된 미분계수의 정의'),
('수학', '2', 'Y', '137', '관계식의 미분계수, 도함수 구하기'),
('수학', '2', 'Y', '138', '미분계수를 이용한 극한값 구하기'),
('수학', '2', 'Y', '139', '치환을 이용한 극한값 구하기'),
('수학', '2', 'Y', '140', '함수의 연속성과 미분가능성'),
('수학', '2', 'Y', '141', '미분가능한 함수의 활용'),
('수학', '2', 'Y', '142', '미분가능한 함수의 미정계수의 결정'),
('수학', '2', 'Y', '143', '미분의 항등식에의 활용'),
('수학', '2', 'Y', '144', '다항식의 나눗셈에서 미분의 활용'),
('수학', '2', 'Y', '145', '미분을 이용한 함수의 결정'),
('수학', '2', 'Y', '146', '접선의 기울기'),
('수학', '2', 'Y', '147', '곡선 밖의 점에서 그은 접선의 방정식'),
('수학', '2', 'Y', '148', '기울기가 주어진 접선의 방정식'),
('수학', '2', 'Y', '149', '접선과 평행한 직선의 방정식'),
('수학', '2', 'Y', '150', '공통인 접선'),
('수학', '2', 'Y', '151', '곡선과 원의 접선'),
('수학', '2', 'Y', '152', '롤의 정리'),
('수학', '2', 'Y', '153', '평균값 정리'),
('수학', '2', 'Y', '154', '함수의 극값 구하기'),
('수학', '2', 'Y', '155', '도함수 그래프의 해석'),
('수학', '2', 'Y', '156', '함수의 극대, 극소의 활용'),
('수학', '2', 'Y', '157', '함수의 최대, 최소'),
('수학', '2', 'Y', '158', '최대, 최소의 활용'),
('수학', '2', 'Y', '159', '삼차방정식의 실근의 개수'),
('수학', '2', 'Y', '160', '사차방정식의 실근의 개수'),
('수학', '2', 'Y', '161', '두 곡선의 교점의 개수'),
('수학', '2', 'Y', '162', '미분가능한 함수의 유추'),
('수학', '2', 'Y', '163', '속도 그래프에 대한 해석'),
('수학', '2', 'Y', '164', '위치 그래프에 대한 해석'),
('수학', '2', 'Y', '165', '길이, 넓이, 부피의 변화율'),
('수학', '2', 'Y', '166', '부정적분의 계산'),
('수학', '2', 'Y', '167', '도함수가 주어졌을 때 함수 구하기'),
('수학', '2', 'Y', '168', '접선의 기울기를 이용한 함수 구하기'),
('수학', '2', 'Y', '169', '부정적분과 미분의 관계'),
('수학', '2', 'Y', '170', '부정적분과 도함수로 함수 구하기'),
('수학', '2', 'Y', '171', '정적분의 정의를 이용한 정적분의 값'),
('수학', '2', 'Y', '172', '적분구간이 같은 정적분'),
('수학', '2', 'Y', '173', '피적분함수가 같은 정적분'),
('수학', '2', 'Y', '174', '구간에 따라 다른 함수의 정적분'),
('수학', '2', 'Y', '175', '절댓값 기호를 포함한 함수의 정적분'),
('수학', '2', 'Y', '176', '적분과 미분의 관계'),
('수학', '2', 'Y', '177', '주기함수의 정적분'),
('수학', '2', 'Y', '178', '대칭인 함수의 정적분'),
('수학', '2', 'Y', '179', '정적분의 값을 이용한 다항함수의 추론'),
('수학', '2', 'N', '180', '정적분으로 정의된 함수'),
('수학', '2', 'N', '181', '정적분으로 정의된 함수'),
('수학', '2', 'N', '182', '정적분으로 정의된 함수'),
('수학', '2', 'Y', '183', '곡선과 x축으로 둘러싸인 넓이'),
('수학', '2', 'Y', '184', '곡선과 x축으로 둘러싸인 넓이'),
('수학', '2', 'Y', '185', '곡선과 직선으로 둘러싸인 넓이'),
('수학', '2', 'Y', '186', '두 곡선으로 둘러싸인 넓이'),
('수학', '2', 'Y', '187', '곡선과 접선으로 둘러싸인 넓이'),
('수학', '2', 'Y', '188', '두 도형의 넓이가 같은 경우'),
('수학', '2', 'Y', '189', '도형을 두 부분으로 나누는 경우'),
('수학', '2', 'Y', '190', '도형을 세 부분으로 나누는 경우'),
('수학', '2', 'Y', '191', '넓이와 수열'),
('수학', '2', 'Y', '192', '역함수의 정적분'),
('수학', '2', 'Y', '193', '함수와 역함수 그래프로 둘러싸인 넓이'),
('수학', '2', 'Y', '194', '넓이를 이용한 정적분의 활용'),
('수학', '2', 'Y', '195', '점의 위치'),
('수학', '2', 'Y', '196', '점이 움직인 거리'),
('수학', '2', 'Y', '197', '그래프를 이용한 점의 위치와 거리'),
('수학', '2', 'Y', '198', '정적분의 활용'),
('수학', '2', 'Y', '199', '정적분의 활용'),
('수학', '2', 'Y', '200', '정적분의 활용');


